{
  "experiment_id": "20260206_062053",
  "timestamp": "2026-02-06T06:20:53.908762",
  "dataset_stats": {
    "num_examples": 15,
    "avg_question_length": 127.33333333333333,
    "avg_answer_length": 186.33333333333334
  },
  "retrieval_metrics": {
    "avg_retrieved_docs": 10.0,
    "mrr": 0.0,
    "map": 0.0,
    "recall@1": 0.0,
    "precision@1": 0.0,
    "ndcg@1": 0.0,
    "recall@3": 0.0,
    "precision@3": 0.0,
    "ndcg@3": 0.0,
    "recall@5": 0.0,
    "precision@5": 0.0,
    "ndcg@5": 0.0,
    "recall@10": 0.0,
    "precision@10": 0.0,
    "ndcg@10": 0.0
  },
  "qa_metrics": {},
  "context_relevance": {
    "avg_context_relevance": 0.2909183167194003
  }
}